[
  {
    "id": "8b428ce3-f6bb-4b37-8b74-3c48983228ae",
    "data": [
      {
        "text": "different address",
        "userDefined": false
      }
    ],
    "isTemplate": false,
    "count": 0,
    "updated": 1519005001
  },
  {
    "id": "0932f55c-b99c-45b9-97bd-7ecd47ee602d",
    "data": [
      {
        "text": "address",
        "userDefined": false
      }
    ],
    "isTemplate": false,
    "count": 0,
    "updated": 1519004915
  },
  {
    "id": "ecf07d34-2f42-4e7f-9f5c-69607018addf",
    "data": [
      {
        "text": "difference location",
        "userDefined": false
      }
    ],
    "isTemplate": false,
    "count": 0,
    "updated": 1519004915
  },
  {
    "id": "43d6c9d7-322e-4828-a82a-7b0f413bdaea",
    "data": [
      {
        "text": "different place",
        "userDefined": false
      }
    ],
    "isTemplate": false,
    "count": 0,
    "updated": 1519004915
  }
]