[
  {
    "id": "fd9bc3a2-dd53-4303-b1dd-a91851ffb84a",
    "data": [
      {
        "text": "quit",
        "userDefined": false
      }
    ],
    "isTemplate": false,
    "count": 0,
    "updated": 1519004698
  },
  {
    "id": "86a358fd-fc91-4a65-9b2d-5038cb3ac1b9",
    "data": [
      {
        "text": "exit",
        "userDefined": false
      }
    ],
    "isTemplate": false,
    "count": 0,
    "updated": 1519004698
  },
  {
    "id": "5f624f59-31bc-4942-bda3-e8d57a6744b4",
    "data": [
      {
        "text": "see you",
        "userDefined": false
      }
    ],
    "isTemplate": false,
    "count": 0,
    "updated": 1519004698
  },
  {
    "id": "b3e32ef3-0d76-4011-b37a-ba3a35553fce",
    "data": [
      {
        "text": "bye bye",
        "userDefined": false
      }
    ],
    "isTemplate": false,
    "count": 0,
    "updated": 1519004698
  },
  {
    "id": "6484b3ee-df28-45b8-8a61-4ff37666c24e",
    "data": [
      {
        "text": "bye",
        "userDefined": false
      }
    ],
    "isTemplate": false,
    "count": 0,
    "updated": 1519004684
  }
]