[
  {
    "id": "847f8862-b5d8-4aeb-962f-57259bf8370f",
    "data": [
      {
        "text": "current location",
        "userDefined": false
      }
    ],
    "isTemplate": false,
    "count": 0,
    "updated": 1518996641
  },
  {
    "id": "a307d612-89b5-44da-b0d5-9ce4bad597ae",
    "data": [
      {
        "text": "where i am",
        "userDefined": false
      }
    ],
    "isTemplate": false,
    "count": 0,
    "updated": 1518996641
  },
  {
    "id": "1bd21ccb-2532-4959-9101-b92e532b1c53",
    "data": [
      {
        "text": "Where am I",
        "userDefined": false
      }
    ],
    "isTemplate": false,
    "count": 0,
    "updated": 1518996641
  },
  {
    "id": "8f5f1aae-5e3d-4fb6-9531-5708d2589e06",
    "data": [
      {
        "text": "Location",
        "userDefined": false
      }
    ],
    "isTemplate": false,
    "count": 0,
    "updated": 1518996641
  },
  {
    "id": "fb2c7518-e5d0-4bb0-b0a0-958524284bbd",
    "data": [
      {
        "text": "My location",
        "userDefined": false
      }
    ],
    "isTemplate": false,
    "count": 0,
    "updated": 1518996641
  }
]