[
  {
    "id": "8c989706-d793-47c5-a5eb-eabcd76ba98a",
    "data": [
      {
        "text": "current position",
        "userDefined": false
      }
    ],
    "isTemplate": false,
    "count": 0,
    "updated": 1519174413
  },
  {
    "id": "7c853e63-c5d8-4e95-a978-7f367059d805",
    "data": [
      {
        "text": "my position",
        "userDefined": false
      }
    ],
    "isTemplate": false,
    "count": 0,
    "updated": 1519174413
  },
  {
    "id": "015366ba-d66e-4988-9892-f68757f0f0d1",
    "data": [
      {
        "text": "current location",
        "userDefined": false
      }
    ],
    "isTemplate": false,
    "count": 0,
    "updated": 1518996641
  },
  {
    "id": "b07aadf6-9d8e-4cdc-bd2c-d2a82b6dd3ef",
    "data": [
      {
        "text": "where i am",
        "userDefined": false
      }
    ],
    "isTemplate": false,
    "count": 0,
    "updated": 1518996641
  },
  {
    "id": "214e8c4d-d25c-4343-8c14-52e6422164d3",
    "data": [
      {
        "text": "Where am I",
        "userDefined": false
      }
    ],
    "isTemplate": false,
    "count": 0,
    "updated": 1518996641
  },
  {
    "id": "ea01c3fa-8a44-4f45-84d5-12da50ecd1a0",
    "data": [
      {
        "text": "Location",
        "userDefined": false
      }
    ],
    "isTemplate": false,
    "count": 0,
    "updated": 1518996641
  },
  {
    "id": "e2f114db-0a1f-47be-90db-069dc5f0fc0b",
    "data": [
      {
        "text": "My location",
        "userDefined": false
      }
    ],
    "isTemplate": false,
    "count": 0,
    "updated": 1518996641
  }
]