[
  {
    "id": "c7b1ea94-9549-4fe1-aa45-b41194e187a7",
    "data": [
      {
        "text": "drone restriction",
        "userDefined": false
      }
    ],
    "isTemplate": false,
    "count": 0,
    "updated": 1519175896
  },
  {
    "id": "b37fa487-03a0-4230-b453-7cd30b43ca88",
    "data": [
      {
        "text": "i want to know drone air control",
        "userDefined": false
      }
    ],
    "isTemplate": false,
    "count": 0,
    "updated": 1519175896
  },
  {
    "id": "721acd4a-0479-48c9-866e-bdf0a1619700",
    "data": [
      {
        "text": "is it safe to fly drone here?",
        "userDefined": false
      }
    ],
    "isTemplate": false,
    "count": 0,
    "updated": 1519175896
  },
  {
    "id": "f3aafe9f-3041-43df-9353-d7e79cbc3660",
    "data": [
      {
        "text": "I want to fly drone here",
        "userDefined": false
      }
    ],
    "isTemplate": false,
    "count": 0,
    "updated": 1519175896
  },
  {
    "id": "a4d16e57-afb1-4399-9c47-df2edb026538",
    "data": [
      {
        "text": "am I allowed to fly drone at this location?",
        "userDefined": false
      }
    ],
    "isTemplate": false,
    "count": 0,
    "updated": 1519175896
  },
  {
    "id": "106d2ed0-e5a7-41eb-b11f-9fc9578bd348",
    "data": [
      {
        "text": "can I fly drone here?",
        "userDefined": false
      }
    ],
    "isTemplate": false,
    "count": 0,
    "updated": 1519175896
  }
]